injury_set	rank	gene	beta_injury_index	t	p_value	FDR	selection_rule
HBV_INJURY_TOP_200	1	PTAFR	0.3856811353494398	9.601920404053441	7.563986613909574e-17	1.4191112722856992e-12	top_200_positive_beta_FDR_lt_0.10_ranked
HBV_INJURY_TOP_200	2	UBD	1.4037476021492745	9.506031660428365	1.3047499400410972e-16	1.4191112722856992e-12	top_200_positive_beta_FDR_lt_0.10_ranked
HBV_INJURY_TOP_200	3	NUB1	0.22940901213275366	9.342012132515807	3.3084752851403375e-16	2.3989754292552587e-12	top_200_positive_beta_FDR_lt_0.10_ranked
HBV_INJURY_TOP_200	4	PNMA2	0.6180135273347825	9.26620288173353	5.081402395178298e-16	2.7633936575578383e-12	top_200_positive_beta_FDR_lt_0.10_ranked
HBV_INJURY_TOP_200	5	LPXN	0.3499737940434696	9.159896162729668	9.264664321591144e-16	4.030684859751443e-12	top_200_positive_beta_FDR_lt_0.10_ranked
HBV_INJURY_TOP_200	6	RTN1	0.4575780127067034	8.88784316333813	4.281340033462524e-15	1.552199829131838e-11	top_200_positive_beta_FDR_lt_0.10_ranked
HBV_INJURY_TOP_200	7	CDC25B	0.3366802706455246	8.71481798871734	1.127313362401647e-14	3.503206796046147e-11	top_200_positive_beta_FDR_lt_0.10_ranked
HBV_INJURY_TOP_200	8	HCP5	0.5629081842640566	8.651258026798809	1.6069640424318044e-14	3.9287868694103684e-11	top_200_positive_beta_FDR_lt_0.10_ranked
HBV_INJURY_TOP_200	9	LOC101928589	0.3665225492856615	8.649202018072936	1.6254807072446703e-14	3.9287868694103684e-11	top_200_positive_beta_FDR_lt_0.10_ranked
HBV_INJURY_TOP_200	10	FGD2	0.326009773089327	8.574898880403502	2.4581082235575776e-14	4.5563322884552516e-11	top_200_positive_beta_FDR_lt_0.10_ranked
HBV_INJURY_TOP_200	11	MAML2	0.4584943466869839	8.568278045050496	2.5502753639209263e-14	4.5563322884552516e-11	top_200_positive_beta_FDR_lt_0.10_ranked
HBV_INJURY_TOP_200	12	CXCL10	1.1888970006821398	8.55968070762039	2.675104321757442e-14	4.5563322884552516e-11	top_200_positive_beta_FDR_lt_0.10_ranked
HBV_INJURY_TOP_200	13	KLHL6	0.541252132573511	8.556490841078539	2.7229494667364626e-14	4.5563322884552516e-11	top_200_positive_beta_FDR_lt_0.10_ranked
HBV_INJURY_TOP_200	14	EGR2	0.5714540055214541	8.53873469929051	3.0052539182150816e-14	4.669520605923762e-11	top_200_positive_beta_FDR_lt_0.10_ranked
HBV_INJURY_TOP_200	15	BARD1	0.4696854197678189	8.500310733904218	3.7197218747625774e-14	5.122889938667983e-11	top_200_positive_beta_FDR_lt_0.10_ranked
HBV_INJURY_TOP_200	16	BTG2	0.47092115785841915	8.497984086731439	3.768042983436203e-14	5.122889938667983e-11	top_200_positive_beta_FDR_lt_0.10_ranked
HBV_INJURY_TOP_200	17	MTHFD2	0.7029944665491732	8.485587684971813	4.036217518327795e-14	5.164696451540266e-11	top_200_positive_beta_FDR_lt_0.10_ranked
HBV_INJURY_TOP_200	18	SAMD9L	0.5427704221763673	8.434875729095117	5.345665355774586e-14	6.460236582453587e-11	top_200_positive_beta_FDR_lt_0.10_ranked
HBV_INJURY_TOP_200	19	STAT1	0.5230500555074845	8.411437762435684	6.086024360712163e-14	6.967857258872194e-11	top_200_positive_beta_FDR_lt_0.10_ranked
HBV_INJURY_TOP_200	20	CDCP1	0.3015872192864938	8.34801940047831	8.640549334771276e-14	8.789166882123857e-11	top_200_positive_beta_FDR_lt_0.10_ranked
HBV_INJURY_TOP_200	21	HPSE	0.6148798347676014	8.343989043385056	8.83494152066521e-14	8.789166882123857e-11	top_200_positive_beta_FDR_lt_0.10_ranked
HBV_INJURY_TOP_200	22	MAB21L2	0.6191130627344938	8.335754283894667	9.245737068968103e-14	8.789166882123857e-11	top_200_positive_beta_FDR_lt_0.10_ranked
HBV_INJURY_TOP_200	23	DOCK11	0.4955381407736725	8.334830093644827	9.293009621148748e-14	8.789166882123857e-11	top_200_positive_beta_FDR_lt_0.10_ranked
HBV_INJURY_TOP_200	24	CDCA7	0.4590872436452449	8.322001159770151	9.974570078027315e-14	8.879418101383456e-11	top_200_positive_beta_FDR_lt_0.10_ranked
HBV_INJURY_TOP_200	25	JUN	0.5180619537589206	8.314028794776561	1.0422912012797337e-13	8.879418101383456e-11	top_200_positive_beta_FDR_lt_0.10_ranked
HBV_INJURY_TOP_200	26	TLR7	0.393438751488419	8.308590106244514	1.0740203346727776e-13	8.879418101383456e-11	top_200_positive_beta_FDR_lt_0.10_ranked
HBV_INJURY_TOP_200	27	C5AR1	0.4537268771695724	8.303905157340056	1.1021205752648064e-13	8.879418101383456e-11	top_200_positive_beta_FDR_lt_0.10_ranked
HBV_INJURY_TOP_200	28	MX2	0.49697846109255794	8.285490658553128	1.219830103079489e-13	9.476772940102901e-11	top_200_positive_beta_FDR_lt_0.10_ranked
HBV_INJURY_TOP_200	29	TCIRG1	0.2992146775242013	8.254137827700514	1.449672249181192e-13	1.0874041529806368e-10	top_200_positive_beta_FDR_lt_0.10_ranked
HBV_INJURY_TOP_200	30	FPR3	0.5291154222664014	8.244373329023231	1.529684588477425e-13	1.109174295104981e-10	top_200_positive_beta_FDR_lt_0.10_ranked
HBV_INJURY_TOP_200	31	STX7	0.31034466749058043	8.23775160941685	1.5864259799178647e-13	1.1132104626178489e-10	top_200_positive_beta_FDR_lt_0.10_ranked
HBV_INJURY_TOP_200	32	PTPRE	0.44398367089013996	8.22983685838715	1.6569968820955397e-13	1.1263954117570086e-10	top_200_positive_beta_FDR_lt_0.10_ranked
HBV_INJURY_TOP_200	33	EMILIN2	0.43583677025798834	8.224134937330152	1.7097619821537683e-13	1.1270440120542703e-10	top_200_positive_beta_FDR_lt_0.10_ranked
HBV_INJURY_TOP_200	34	CD300LF	0.5053539071516211	8.203332996572433	1.9168108124562864e-13	1.1797376482393016e-10	top_200_positive_beta_FDR_lt_0.10_ranked
HBV_INJURY_TOP_200	35	IL32	0.7694748438854895	8.200283340739567	1.9491897902371985e-13	1.1797376482393016e-10	top_200_positive_beta_FDR_lt_0.10_ranked
HBV_INJURY_TOP_200	36	RGS1	0.6268249002475211	8.199983737993085	1.9523999143389353e-13	1.1797376482393016e-10	top_200_positive_beta_FDR_lt_0.10_ranked
HBV_INJURY_TOP_200	37	MICB	0.5437475723257015	8.187475183171474	2.0912164541802183e-13	1.229465716967089e-10	top_200_positive_beta_FDR_lt_0.10_ranked
HBV_INJURY_TOP_200	38	LAIR1	0.4475123604643325	8.176625409514989	2.2195375030176906e-13	1.2544335590240562e-10	top_200_positive_beta_FDR_lt_0.10_ranked
HBV_INJURY_TOP_200	39	SLC7A6	0.4429713539160682	8.174220829454363	2.2490189308112993e-13	1.2544335590240562e-10	top_200_positive_beta_FDR_lt_0.10_ranked
HBV_INJURY_TOP_200	40	LAMP3	0.6896390250355143	8.152437429799095	2.5344560374725947e-13	1.378300554578534e-10	top_200_positive_beta_FDR_lt_0.10_ranked
HBV_INJURY_TOP_200	41	CD83	0.3636637697820975	8.119623405053709	3.033716593541951e-13	1.6095716355931234e-10	top_200_positive_beta_FDR_lt_0.10_ranked
HBV_INJURY_TOP_200	42	FGR	0.4171843635946088	8.081327200787568	3.7410302832722973e-13	1.937586470286245e-10	top_200_positive_beta_FDR_lt_0.10_ranked
HBV_INJURY_TOP_200	43	STAT4	0.3115895502919532	8.068343729401374	4.016228747279349e-13	2.0317447427806438e-10	top_200_positive_beta_FDR_lt_0.10_ranked
HBV_INJURY_TOP_200	44	CFL1	0.2501696138238472	8.060067769265835	4.202042778911781e-13	2.0565348427204836e-10	top_200_positive_beta_FDR_lt_0.10_ranked
HBV_INJURY_TOP_200	45	HOXB2	0.25268045638578684	8.05588201628346	4.2992480687771083e-13	2.0565348427204836e-10	top_200_positive_beta_FDR_lt_0.10_ranked
HBV_INJURY_TOP_200	46	IFIT5	0.32147341150028624	8.053782051063926	4.3488531588811775e-13	2.0565348427204836e-10	top_200_positive_beta_FDR_lt_0.10_ranked
HBV_INJURY_TOP_200	47	FABP5	0.8748577044474087	8.047028366168258	4.512273049277953e-13	2.0884143753392195e-10	top_200_positive_beta_FDR_lt_0.10_ranked
HBV_INJURY_TOP_200	48	CCND2	0.5895392096601301	8.03920211653981	4.709285978560344e-13	2.1341895394088158e-10	top_200_positive_beta_FDR_lt_0.10_ranked
HBV_INJURY_TOP_200	49	NUSAP1	0.7014812966941849	8.034156099048772	4.840815825771246e-13	2.1490258501633042e-10	top_200_positive_beta_FDR_lt_0.10_ranked
HBV_INJURY_TOP_200	50	SLC6A6	0.5206415177517639	8.000390123631943	5.819870314668034e-13	2.531992779099475e-10	top_200_positive_beta_FDR_lt_0.10_ranked
HBV_INJURY_TOP_200	51	GRK3	0.48098249932732284	7.9937750273083985	6.033547308791059e-13	2.573485384473174e-10	top_200_positive_beta_FDR_lt_0.10_ranked
HBV_INJURY_TOP_200	52	CXCL9	1.1415836202373089	7.989091242564244	6.189532177998293e-13	2.589247951307632e-10	top_200_positive_beta_FDR_lt_0.10_ranked
HBV_INJURY_TOP_200	53	TC2N	0.4004185100725756	7.974338051975915	6.707501245450977e-13	2.7529863130621716e-10	top_200_positive_beta_FDR_lt_0.10_ranked
HBV_INJURY_TOP_200	54	SLC7A1	0.5913921821014675	7.95623449248474	7.402220417143914e-13	2.9384367595925713e-10	top_200_positive_beta_FDR_lt_0.10_ranked
HBV_INJURY_TOP_200	55	SH2D2A	0.23291859790012134	7.955558393194733	7.4295049775935e-13	2.9384367595925713e-10	top_200_positive_beta_FDR_lt_0.10_ranked
HBV_INJURY_TOP_200	56	CCNA2	0.5546543239545505	7.916136884810965	9.205593925832227e-13	3.521440755499596e-10	top_200_positive_beta_FDR_lt_0.10_ranked
HBV_INJURY_TOP_200	57	ZNF738	0.48795635888247624	7.914869923637926	9.269177792148035e-13	3.521440755499596e-10	top_200_positive_beta_FDR_lt_0.10_ranked
HBV_INJURY_TOP_200	58	PCED1B	0.3642339031235573	7.91250144961433	9.38921361738503e-13	3.521440755499596e-10	top_200_positive_beta_FDR_lt_0.10_ranked
HBV_INJURY_TOP_200	59	LOC101928269	0.33710756916435186	7.888726892388458	1.0682949434691604e-12	3.938749136488923e-10	top_200_positive_beta_FDR_lt_0.10_ranked
HBV_INJURY_TOP_200	60	PARVG	0.35287789025404204	7.862973223846168	1.2284512790784692e-12	4.45375011229899e-10	top_200_positive_beta_FDR_lt_0.10_ranked
HBV_INJURY_TOP_200	61	SLAMF7	0.7458774224528649	7.858699108086265	1.2572452112298294e-12	4.483418865554505e-10	top_200_positive_beta_FDR_lt_0.10_ranked
HBV_INJURY_TOP_200	62	GAS7	0.285789745472547	7.849177243299368	1.3238224320640947e-12	4.6446950588210087e-10	top_200_positive_beta_FDR_lt_0.10_ranked
HBV_INJURY_TOP_200	63	OSBPL3	0.5126701544856455	7.841277512475114	1.3817038977101854e-12	4.770826172522169e-10	top_200_positive_beta_FDR_lt_0.10_ranked
HBV_INJURY_TOP_200	64	ARHGAP18	0.3797638406809815	7.837196591906904	1.4125814841977761e-12	4.801232035274098e-10	top_200_positive_beta_FDR_lt_0.10_ranked
HBV_INJURY_TOP_200	65	PLP2	0.45932228326617724	7.8303980407728915	1.4655490649667703e-12	4.904629047726485e-10	top_200_positive_beta_FDR_lt_0.10_ranked
HBV_INJURY_TOP_200	66	RAP2B	0.38987735860385614	7.825838040587925	1.5021754681816958e-12	4.905435611293614e-10	top_200_positive_beta_FDR_lt_0.10_ranked
HBV_INJURY_TOP_200	67	ENTPD1	0.3886085819712254	7.824769168815537	1.510891306746987e-12	4.905435611293614e-10	top_200_positive_beta_FDR_lt_0.10_ranked
HBV_INJURY_TOP_200	68	PLXNC1	0.7046613133858641	7.813432574018635	1.6064777157146447e-12	5.139074963226568e-10	top_200_positive_beta_FDR_lt_0.10_ranked
HBV_INJURY_TOP_200	69	HLA-B	0.28417327299858264	7.803549359706437	1.6946896250670078e-12	5.34269324841777e-10	top_200_positive_beta_FDR_lt_0.10_ranked
HBV_INJURY_TOP_200	70	MYO5A	0.4751138920803831	7.7725929769059	2.0032828125824304e-12	6.215974519525933e-10	top_200_positive_beta_FDR_lt_0.10_ranked
HBV_INJURY_TOP_200	71	CRLF3	0.2993744550233962	7.770245166681321	2.028842876322076e-12	6.215974519525933e-10	top_200_positive_beta_FDR_lt_0.10_ranked
HBV_INJURY_TOP_200	72	STK17B	0.5794681130014404	7.763674484398641	2.1021087027294394e-12	6.350995918121319e-10	top_200_positive_beta_FDR_lt_0.10_ranked
HBV_INJURY_TOP_200	73	CD27	0.5203034601138126	7.755302596942912	2.199272000756528e-12	6.449659358660387e-10	top_200_positive_beta_FDR_lt_0.10_ranked
HBV_INJURY_TOP_200	74	PAG1	0.4444764302182573	7.754682603845397	2.2066422466576694e-12	6.449659358660387e-10	top_200_positive_beta_FDR_lt_0.10_ranked
HBV_INJURY_TOP_200	75	BCAT1	0.6529090000928587	7.753254383338901	2.223713749365738e-12	6.449659358660387e-10	top_200_positive_beta_FDR_lt_0.10_ranked
HBV_INJURY_TOP_200	76	SLC25A24	0.45065578713361715	7.747063633106925	2.299239046699363e-12	6.514922105737607e-10	top_200_positive_beta_FDR_lt_0.10_ranked
HBV_INJURY_TOP_200	77	RAD51AP1	0.5717586723252317	7.746510141759968	2.3061141090506864e-12	6.514922105737607e-10	top_200_positive_beta_FDR_lt_0.10_ranked
HBV_INJURY_TOP_200	78	MCUB	0.406617794830614	7.743200764604542	2.3476482518144265e-12	6.54722979765631e-10	top_200_positive_beta_FDR_lt_0.10_ranked
HBV_INJURY_TOP_200	79	C15ORF48	0.8272207258073105	7.737208394220891	2.4247519321795166e-12	6.676661870974813e-10	top_200_positive_beta_FDR_lt_0.10_ranked
HBV_INJURY_TOP_200	80	BTN2A2	0.261938433970306	7.722748093696371	2.621310205173881e-12	7.059513771007892e-10	top_200_positive_beta_FDR_lt_0.10_ranked
HBV_INJURY_TOP_200	81	TRIM22	0.5268632813883014	7.722225815670005	2.628697721930949e-12	7.059513771007892e-10	top_200_positive_beta_FDR_lt_0.10_ranked
HBV_INJURY_TOP_200	82	CHST11	0.37863688155995173	7.717628312759682	2.694625785601819e-12	7.148316428560532e-10	top_200_positive_beta_FDR_lt_0.10_ranked
HBV_INJURY_TOP_200	83	HLA-C	0.2437663636959221	7.713698943225799	2.7522707073923705e-12	7.213270445530871e-10	top_200_positive_beta_FDR_lt_0.10_ranked
HBV_INJURY_TOP_200	84	TFEC	0.633345034230629	7.708929247690979	2.8238888469906375e-12	7.312863581974684e-10	top_200_positive_beta_FDR_lt_0.10_ranked
HBV_INJURY_TOP_200	85	SUSD1	0.3667730826521418	7.686586621660339	3.1847541349280104e-12	7.971791004179289e-10	top_200_positive_beta_FDR_lt_0.10_ranked
HBV_INJURY_TOP_200	86	CCR5	0.4790083307374656	7.683558100282017	3.2370646228543106e-12	7.971791004179289e-10	top_200_positive_beta_FDR_lt_0.10_ranked
HBV_INJURY_TOP_200	87	PLEKHO2	0.23087473232558622	7.68280827548225	3.2501470985438933e-12	7.971791004179289e-10	top_200_positive_beta_FDR_lt_0.10_ranked
HBV_INJURY_TOP_200	88	RMI2	0.4177553300192896	7.681959411352561	3.265020832662967e-12	7.971791004179289e-10	top_200_positive_beta_FDR_lt_0.10_ranked
HBV_INJURY_TOP_200	89	GTPBP2	0.2105483495154002	7.6808600898924295	3.2843834067702436e-12	7.971791004179289e-10	top_200_positive_beta_FDR_lt_0.10_ranked
HBV_INJURY_TOP_200	90	FHOD1	0.24358366308080853	7.68007859627977	3.2982172131482374e-12	7.971791004179289e-10	top_200_positive_beta_FDR_lt_0.10_ranked
HBV_INJURY_TOP_200	91	CD74	0.4962026984170969	7.666804963318357	3.5422058610506266e-12	8.467429021476295e-10	top_200_positive_beta_FDR_lt_0.10_ranked
HBV_INJURY_TOP_200	92	DTL	0.7552763068398867	7.663154352279843	3.6123919538140757e-12	8.54134371427365e-10	top_200_positive_beta_FDR_lt_0.10_ranked
HBV_INJURY_TOP_200	93	PTPN6	0.25138466508499285	7.65369137025583	3.8008109775914894e-12	8.890219483392222e-10	top_200_positive_beta_FDR_lt_0.10_ranked
HBV_INJURY_TOP_200	94	STK10	0.342967858238762	7.649382795499514	3.8897971746312946e-12	8.98774347235052e-10	top_200_positive_beta_FDR_lt_0.10_ranked
HBV_INJURY_TOP_200	95	CD69	0.582821337832169	7.647698623476829	3.925139658315172e-12	8.98774347235052e-10	top_200_positive_beta_FDR_lt_0.10_ranked
HBV_INJURY_TOP_200	96	CSF2RB	0.5378818427082065	7.639131119248127	4.109918703130242e-12	9.168285517175037e-10	top_200_positive_beta_FDR_lt_0.10_ranked
HBV_INJURY_TOP_200	97	GPR176	0.31865825404243775	7.638926096833121	4.114444571796673e-12	9.168285517175037e-10	top_200_positive_beta_FDR_lt_0.10_ranked
HBV_INJURY_TOP_200	98	LOC100506098	0.41960429342763783	7.6382038349830905	4.130427898143491e-12	9.168285517175037e-10	top_200_positive_beta_FDR_lt_0.10_ranked
HBV_INJURY_TOP_200	99	MARCH1	0.4064922844007126	7.622567710429113	4.49194291836389e-12	9.87002366698684e-10	top_200_positive_beta_FDR_lt_0.10_ranked
HBV_INJURY_TOP_200	100	SMCR8	0.16476412674849858	7.607929735926492	4.858736568671342e-12	1.056920965783077e-9	top_200_positive_beta_FDR_lt_0.10_ranked
HBV_INJURY_TOP_200	101	MIR155	0.7187984896659878	7.593666882539527	5.244650023965117e-12	1.1295729898149822e-9	top_200_positive_beta_FDR_lt_0.10_ranked
HBV_INJURY_TOP_200	102	IL18BP	0.44748391912028623	7.586149668533336	5.460117464775463e-12	1.15755798652479e-9	top_200_positive_beta_FDR_lt_0.10_ranked
HBV_INJURY_TOP_200	103	SLC25A36	0.3084380156754656	7.58543637762278	5.481012853953632e-12	1.15755798652479e-9	top_200_positive_beta_FDR_lt_0.10_ranked
HBV_INJURY_TOP_200	104	TNFSF13B	0.4883944438994656	7.571249358478882	5.913473639764307e-12	1.2261396656584911e-9	top_200_positive_beta_FDR_lt_0.10_ranked
HBV_INJURY_TOP_200	105	SIRPG	0.45247974973118743	7.5710912621895865	5.9184785957864e-12	1.2261396656584911e-9	top_200_positive_beta_FDR_lt_0.10_ranked
HBV_INJURY_TOP_200	106	IGK	0.739456568904093	7.568209245317128	6.0104558598827366e-12	1.233447606792728e-9	top_200_positive_beta_FDR_lt_0.10_ranked
HBV_INJURY_TOP_200	107	ZNF710	0.14956099963874586	7.564053330329163	6.145588249166877e-12	1.2413566984386564e-9	top_200_positive_beta_FDR_lt_0.10_ranked
HBV_INJURY_TOP_200	108	TRIM69	0.48402248024087596	7.562185221339347	6.2073079309646586e-12	1.2413566984386564e-9	top_200_positive_beta_FDR_lt_0.10_ranked
HBV_INJURY_TOP_200	109	IPCEF1	0.29814991890125747	7.56179751416145	6.220194002198021e-12	1.2413566984386564e-9	top_200_positive_beta_FDR_lt_0.10_ranked
HBV_INJURY_TOP_200	110	NOD2	0.3700836259004999	7.55306954537334	6.517402059018365e-12	1.2888458817256954e-9	top_200_positive_beta_FDR_lt_0.10_ranked
HBV_INJURY_TOP_200	111	C12ORF4	0.2773344633097154	7.547935999048527	6.698740589792094e-12	1.312772108556283e-9	top_200_positive_beta_FDR_lt_0.10_ranked
HBV_INJURY_TOP_200	112	BIRC3	0.31824526850716234	7.545032300379504	6.8035163641248045e-12	1.3137178092986632e-9	top_200_positive_beta_FDR_lt_0.10_ranked
HBV_INJURY_TOP_200	113	TOX	0.6270050102063297	7.544460179580298	6.824351236645471e-12	1.3137178092986632e-9	top_200_positive_beta_FDR_lt_0.10_ranked
HBV_INJURY_TOP_200	114	KLF6	0.35082643911536743	7.530494518750164	7.353015153286597e-12	1.3955196088473417e-9	top_200_positive_beta_FDR_lt_0.10_ranked
HBV_INJURY_TOP_200	115	TRAFD1	0.19722023725852034	7.529869732823992	7.377591827216674e-12	1.3955196088473417e-9	top_200_positive_beta_FDR_lt_0.10_ranked
HBV_INJURY_TOP_200	116	MYLIP	0.27622501370657176	7.523250147695626	7.643033627850176e-12	1.4332664698846974e-9	top_200_positive_beta_FDR_lt_0.10_ranked
HBV_INJURY_TOP_200	117	CELF2	0.4875109333136546	7.519150402485257	7.812154455457655e-12	1.4524597937570118e-9	top_200_positive_beta_FDR_lt_0.10_ranked
HBV_INJURY_TOP_200	118	H2AFY	0.2302921374664463	7.51693666136324	7.905011084103384e-12	1.4572686958686519e-9	top_200_positive_beta_FDR_lt_0.10_ranked
HBV_INJURY_TOP_200	119	GPRC5B	0.5492491268202498	7.514906034918644	7.991148181051326e-12	1.4607684569950378e-9	top_200_positive_beta_FDR_lt_0.10_ranked
HBV_INJURY_TOP_200	120	TCF19	0.4081513293691866	7.505904739216338	8.384309643070454e-12	1.5172222375995592e-9	top_200_positive_beta_FDR_lt_0.10_ranked
HBV_INJURY_TOP_200	121	TRAF5	0.5301358628323354	7.504675339270336	8.439474589690923e-12	1.5172222375995592e-9	top_200_positive_beta_FDR_lt_0.10_ranked
HBV_INJURY_TOP_200	122	IFI30	0.43543166880313033	7.500268842398378	8.640171450219268e-12	1.54057089800508e-9	top_200_positive_beta_FDR_lt_0.10_ranked
HBV_INJURY_TOP_200	123	ATP2A3	0.33600751610078233	7.497900249040417	8.749997405374267e-12	1.5474690533260686e-9	top_200_positive_beta_FDR_lt_0.10_ranked
HBV_INJURY_TOP_200	124	STX6	0.3144510602569181	7.490759035294379	9.089559456938981e-12	1.5887173891527808e-9	top_200_positive_beta_FDR_lt_0.10_ranked
HBV_INJURY_TOP_200	125	FILIP1L	0.5007155934935182	7.489940593513147	9.129300493913373e-12	1.5887173891527808e-9	top_200_positive_beta_FDR_lt_0.10_ranked
HBV_INJURY_TOP_200	126	MLKL	0.2792698531616057	7.475830900162441	9.842128647651832e-12	1.699173210098177e-9	top_200_positive_beta_FDR_lt_0.10_ranked
HBV_INJURY_TOP_200	127	DOCK8	0.5364204488659531	7.469237633905402	1.0193864935453388e-11	1.7460405034717917e-9	top_200_positive_beta_FDR_lt_0.10_ranked
HBV_INJURY_TOP_200	128	PARP12	0.32150775548270444	7.4636932536787315	1.0499263960155021e-11	1.7843006947285326e-9	top_200_positive_beta_FDR_lt_0.10_ranked
HBV_INJURY_TOP_200	129	NUAK2	0.3798337156021146	7.459518104973923	1.0735209084254315e-11	1.8102558388355359e-9	top_200_positive_beta_FDR_lt_0.10_ranked
HBV_INJURY_TOP_200	130	CD200	0.4401043974878487	7.451513730965131	1.1202334846124849e-11	1.874495306982722e-9	top_200_positive_beta_FDR_lt_0.10_ranked
HBV_INJURY_TOP_200	131	PIK3R5	0.29513088889725303	7.442476703560055	1.1753959334033704e-11	1.9434257533040336e-9	top_200_positive_beta_FDR_lt_0.10_ranked
HBV_INJURY_TOP_200	132	IKZF3	0.35331028642867995	7.441853811316113	1.179295726732554e-11	1.9434257533040336e-9	top_200_positive_beta_FDR_lt_0.10_ranked
HBV_INJURY_TOP_200	133	SLC36A1	0.2869570612052747	7.43637100465312	1.2141800166726133e-11	1.9858690152390496e-9	top_200_positive_beta_FDR_lt_0.10_ranked
HBV_INJURY_TOP_200	134	TRIM6-TRIM34	0.30010869511728117	7.431962264238514	1.2429703995455791e-11	2.0177862015906703e-9	top_200_positive_beta_FDR_lt_0.10_ranked
HBV_INJURY_TOP_200	135	PLBD1	0.4060134054219247	7.429599341526199	1.2586782718100039e-11	2.028150255309853e-9	top_200_positive_beta_FDR_lt_0.10_ranked
HBV_INJURY_TOP_200	136	CRTAM	0.5247095201493022	7.427078284687098	1.2756542051797546e-11	2.040390141564353e-9	top_200_positive_beta_FDR_lt_0.10_ranked
HBV_INJURY_TOP_200	137	SSH2	0.26063555066714744	7.4156243272590485	1.3556816526003478e-11	2.152465412968362e-9	top_200_positive_beta_FDR_lt_0.10_ranked
HBV_INJURY_TOP_200	138	HLA-DOA	0.50129323867519	7.41356646630577	1.3705777265364733e-11	2.152465412968362e-9	top_200_positive_beta_FDR_lt_0.10_ranked
HBV_INJURY_TOP_200	139	TMEM173	0.302938783844764	7.412903808549031	1.3754088741902374e-11	2.152465412968362e-9	top_200_positive_beta_FDR_lt_0.10_ranked
HBV_INJURY_TOP_200	140	NCKAP1L	0.43039326616536877	7.40771798810292	1.4138034943896976e-11	2.1967476723899354e-9	top_200_positive_beta_FDR_lt_0.10_ranked
HBV_INJURY_TOP_200	141	STK39	0.45917383481257645	7.398115559511115	1.4877213218538282e-11	2.295205809523853e-9	top_200_positive_beta_FDR_lt_0.10_ranked
HBV_INJURY_TOP_200	142	SNX20	0.48182747893215094	7.388339435471969	1.5669074981127963e-11	2.3730216854436117e-9	top_200_positive_beta_FDR_lt_0.10_ranked
HBV_INJURY_TOP_200	143	EPB41L2	0.38186653786130387	7.388228083491699	1.5678330727712616e-11	2.3730216854436117e-9	top_200_positive_beta_FDR_lt_0.10_ranked
HBV_INJURY_TOP_200	144	CMTM7	0.3200476369510958	7.3878610990182825	1.5708873383160027e-11	2.3730216854436117e-9	top_200_positive_beta_FDR_lt_0.10_ranked
HBV_INJURY_TOP_200	145	C16ORF54	0.6104444163072174	7.375138231435262	1.6804972370899874e-11	2.521093544718517e-9	top_200_positive_beta_FDR_lt_0.10_ranked
HBV_INJURY_TOP_200	146	LPCAT1	0.30933044284724676	7.3726573854773125	1.7027363313186346e-11	2.5369605078886474e-9	top_200_positive_beta_FDR_lt_0.10_ranked
HBV_INJURY_TOP_200	147	CD84	0.4669633805238094	7.365303231418979	1.7703881941429263e-11	2.6160166394094044e-9	top_200_positive_beta_FDR_lt_0.10_ranked
HBV_INJURY_TOP_200	148	SLFN11	0.40406747740450516	7.364297076699723	1.7798485847128755e-11	2.6160166394094044e-9	top_200_positive_beta_FDR_lt_0.10_ranked
HBV_INJURY_TOP_200	149	TARP	0.522640160796399	7.3560328543256155	1.8594712831865356e-11	2.714703276721927e-9	top_200_positive_beta_FDR_lt_0.10_ranked
HBV_INJURY_TOP_200	150	NAV1	0.24872379353231724	7.350498598631764	1.9147534078207825e-11	2.776775392021699e-9	top_200_positive_beta_FDR_lt_0.10_ranked
HBV_INJURY_TOP_200	151	SIDT1	0.3360078094592269	7.34739490123509	1.9464655437062036e-11	2.8040705279629833e-9	top_200_positive_beta_FDR_lt_0.10_ranked
HBV_INJURY_TOP_200	152	TLR8	0.5839591436470295	7.343910468163265	1.9826878324013527e-11	2.8374610801464884e-9	top_200_positive_beta_FDR_lt_0.10_ranked
HBV_INJURY_TOP_200	153	PIGS	0.14473810303991927	7.34076263641116	2.0159843940517977e-11	2.866255459072468e-9	top_200_positive_beta_FDR_lt_0.10_ranked
HBV_INJURY_TOP_200	154	KNTC1	0.3060716133434026	7.336068539193011	2.0666677626373875e-11	2.9192353143279925e-9	top_200_positive_beta_FDR_lt_0.10_ranked
HBV_INJURY_TOP_200	155	BICD1	0.1962660956940541	7.330705115844035	2.1261237344538764e-11	2.9838431997145272e-9	top_200_positive_beta_FDR_lt_0.10_ranked
HBV_INJURY_TOP_200	156	COL1A1	0.823201734595925	7.326215294607496	2.177195336193965e-11	3.035931419758161e-9	top_200_positive_beta_FDR_lt_0.10_ranked
HBV_INJURY_TOP_200	157	FLI1	0.3880402374249119	7.323941302726057	2.203523424726107e-11	3.053072933634841e-9	top_200_positive_beta_FDR_lt_0.10_ranked
HBV_INJURY_TOP_200	158	ZNF512	0.22036167383090063	7.321820102989245	2.228366546553052e-11	3.067953005516996e-9	top_200_positive_beta_FDR_lt_0.10_ranked
HBV_INJURY_TOP_200	159	EPSTI1	0.5333616991202074	7.3185463642335105	2.2672532741940334e-11	3.09013675975314e-9	top_200_positive_beta_FDR_lt_0.10_ranked
HBV_INJURY_TOP_200	160	TAP1	0.43150649352696796	7.318076400779965	2.2728905510067683e-11	3.09013675975314e-9	top_200_positive_beta_FDR_lt_0.10_ranked
HBV_INJURY_TOP_200	161	MAPRE1	0.2837751910244995	7.316200152423116	2.2955350335171508e-11	3.094320369870389e-9	top_200_positive_beta_FDR_lt_0.10_ranked
HBV_INJURY_TOP_200	162	SFXN3	0.3185655879480131	7.314509710114228	2.3161282105272864e-11	3.094320369870389e-9	top_200_positive_beta_FDR_lt_0.10_ranked
HBV_INJURY_TOP_200	163	CD96	0.34794132024343477	7.314304369533252	2.3186421196564766e-11	3.094320369870389e-9	top_200_positive_beta_FDR_lt_0.10_ranked
HBV_INJURY_TOP_200	164	CBLB	0.2712847793393364	7.301795155869006	2.4769924889406677e-11	3.2662814762940447e-9	top_200_positive_beta_FDR_lt_0.10_ranked
HBV_INJURY_TOP_200	165	TNFAIP3	0.3197656425980116	7.301754288119483	2.4775269782950276e-11	3.2662814762940447e-9	top_200_positive_beta_FDR_lt_0.10_ranked
HBV_INJURY_TOP_200	166	ZBTB33	0.3582195570602139	7.294755224031938	2.570768883397715e-11	3.3561168932919983e-9	top_200_positive_beta_FDR_lt_0.10_ranked
HBV_INJURY_TOP_200	167	SLC26A2	0.38396903378175046	7.29433141157627	2.576525174365668e-11	3.3561168932919983e-9	top_200_positive_beta_FDR_lt_0.10_ranked
HBV_INJURY_TOP_200	168	DRAM1	0.36082984104040394	7.281306628384253	2.7597886293235845e-11	3.5734334555759484e-9	top_200_positive_beta_FDR_lt_0.10_ranked
HBV_INJURY_TOP_200	169	IL1B	0.3241155543922312	7.270540169906635	2.9209725955089093e-11	3.759758394680787e-9	top_200_positive_beta_FDR_lt_0.10_ranked
HBV_INJURY_TOP_200	170	CXCR4	0.4257808585897712	7.259598168472764	3.094329072695959e-11	3.959467077550305e-9	top_200_positive_beta_FDR_lt_0.10_ranked
HBV_INJURY_TOP_200	171	FMNL2	0.4021640171114544	7.254716178593989	3.174924420611756e-11	4.038838065588744e-9	top_200_positive_beta_FDR_lt_0.10_ranked
HBV_INJURY_TOP_200	172	MPEG1	0.33151265001481883	7.2512193391326845	3.2339264004574125e-11	4.089976801694773e-9	top_200_positive_beta_FDR_lt_0.10_ranked
HBV_INJURY_TOP_200	173	ALPK1	0.18050091463440462	7.248211692660873	3.2855414694721046e-11	4.131236045400387e-9	top_200_positive_beta_FDR_lt_0.10_ranked
HBV_INJURY_TOP_200	174	LPAR5	0.34583002455363243	7.234776770283823	3.5262369701910727e-11	4.408404184630253e-9	top_200_positive_beta_FDR_lt_0.10_ranked
HBV_INJURY_TOP_200	175	FAR2	0.28317154085819146	7.227262557572976	3.668384963202901e-11	4.559907320260155e-9	top_200_positive_beta_FDR_lt_0.10_ranked
HBV_INJURY_TOP_200	176	FCGR1B	0.7922435921806142	7.2239471972496085	3.732891521675944e-11	4.613726663125955e-9	top_200_positive_beta_FDR_lt_0.10_ranked
HBV_INJURY_TOP_200	177	CXCL8	0.9302875202361242	7.2174556741588285	3.8624642674078835e-11	4.746903119148231e-9	top_200_positive_beta_FDR_lt_0.10_ranked
HBV_INJURY_TOP_200	178	PTPN22	0.49330766805310267	7.216212072640201	3.887790159286887e-11	4.751185355897059e-9	top_200_positive_beta_FDR_lt_0.10_ranked
HBV_INJURY_TOP_200	179	PRDM2	0.21456633534182878	7.212178403557838	3.971071923771744e-11	4.825850701553449e-9	top_200_positive_beta_FDR_lt_0.10_ranked
HBV_INJURY_TOP_200	180	RASGRP1	0.6270970954930464	7.206363735736591	4.094240845431547e-11	4.947890061704024e-9	top_200_positive_beta_FDR_lt_0.10_ranked
HBV_INJURY_TOP_200	181	TNFAIP8	0.5186376561363877	7.192967135811301	4.39258662954326e-11	5.2791125388096426e-9	top_200_positive_beta_FDR_lt_0.10_ranked
HBV_INJURY_TOP_200	182	ZNF382	0.24050037184318476	7.188305481512795	4.501368247952953e-11	5.380124368006627e-9	top_200_positive_beta_FDR_lt_0.10_ranked
HBV_INJURY_TOP_200	183	LOC374443	0.4510606401396935	7.185326147300077	4.572284002876555e-11	5.407093655770341e-9	top_200_positive_beta_FDR_lt_0.10_ranked
HBV_INJURY_TOP_200	184	PLAUR	0.34565942557912355	7.184575141710876	4.5903335968974456e-11	5.407093655770341e-9	top_200_positive_beta_FDR_lt_0.10_ranked
HBV_INJURY_TOP_200	185	GBP4	0.41900642119906195	7.182116055231784	4.649929813281397e-11	5.407093655770341e-9	top_200_positive_beta_FDR_lt_0.10_ranked
HBV_INJURY_TOP_200	186	BATF2	0.2728572310934486	7.1813959353214605	4.667526457846855e-11	5.407093655770341e-9	top_200_positive_beta_FDR_lt_0.10_ranked
HBV_INJURY_TOP_200	187	CDK1	0.6771640052701202	7.181169499895244	4.673073172825928e-11	5.407093655770341e-9	top_200_positive_beta_FDR_lt_0.10_ranked
HBV_INJURY_TOP_200	188	CCL4	0.5382757170793596	7.1756145021950415	4.8112084276217944e-11	5.537471795029466e-9	top_200_positive_beta_FDR_lt_0.10_ranked
HBV_INJURY_TOP_200	189	BCL2A1	0.551183607284761	7.170707187966612	4.936593824945984e-11	5.643820637953261e-9	top_200_positive_beta_FDR_lt_0.10_ranked
HBV_INJURY_TOP_200	190	ATP6V0C	0.18718960665917633	7.169977989594916	4.955499204013574e-11	5.643820637953261e-9	top_200_positive_beta_FDR_lt_0.10_ranked
HBV_INJURY_TOP_200	191	MSN	0.39110366448536416	7.1619126245257485	5.169441750895397e-11	5.856815958709769e-9	top_200_positive_beta_FDR_lt_0.10_ranked
HBV_INJURY_TOP_200	192	RASGEF1A	0.40940848696569815	7.159848702604201	5.2256421199505286e-11	5.872513785315564e-9	top_200_positive_beta_FDR_lt_0.10_ranked
HBV_INJURY_TOP_200	193	TAP2	0.50101914007266	7.159423693227986	5.237289911052358e-11	5.872513785315564e-9	top_200_positive_beta_FDR_lt_0.10_ranked
HBV_INJURY_TOP_200	194	GPNMB	0.6712808744584645	7.156102312634197	5.3292045773915805e-11	5.944932675487131e-9	top_200_positive_beta_FDR_lt_0.10_ranked
HBV_INJURY_TOP_200	195	ITGB2-AS1	0.3578498768516797	7.144810571414591	5.6537853800403064e-11	6.274455232748097e-9	top_200_positive_beta_FDR_lt_0.10_ranked
HBV_INJURY_TOP_200	196	IRF9	0.25725597115394033	7.143497346991754	5.69278095226958e-11	6.274455232748097e-9	top_200_positive_beta_FDR_lt_0.10_ranked
HBV_INJURY_TOP_200	197	ARHGEF3	0.4021623345210041	7.142882491482041	5.711130124967238e-11	6.274455232748097e-9	top_200_positive_beta_FDR_lt_0.10_ranked
HBV_INJURY_TOP_200	198	FAM129A	0.617892297727984	7.141112206689277	5.7642882049642214e-11	6.30103323229079e-9	top_200_positive_beta_FDR_lt_0.10_ranked
HBV_INJURY_TOP_200	199	PTTG1	0.4839188281183651	7.139501000168368	5.8130947745084334e-11	6.310006282874901e-9	top_200_positive_beta_FDR_lt_0.10_ranked
HBV_INJURY_TOP_200	200	GPR18	0.5324743083955817	7.1389292610795865	5.830511942526801e-11	6.310006282874901e-9	top_200_positive_beta_FDR_lt_0.10_ranked
